{
  "duration_h": 5.0,
  "wall_time_s": 890.1379858000437,
  "n_steps": 300,
  "avg_ms_per_step": 2967.126619333479,
  "sparsity_nnz": 3094,
  "stiffness_band": "WARN",
  "stiffness_ratio": 123480065.29327191,
  "h2o": {
    "C_in_mol_m3": 0.7085623921795369,
    "breakthrough_time_h": 4.161680718264279,
    "breakthrough_in_window": true,
    "cum_inlet_mol": 125.9513623583024,
    "cum_outlet_mol": 17.794958992663528,
    "cum_adsorbed_mol": 108.15640336563888,
    "bed_inventory_mol": 108.1563814179129,
    "mass_balance_error_pct": 1.7425556637378365e-05,
    "mass_balance_passes": true
  },
  "co2": {
    "C_in_mol_m3": 0.1003960074924868,
    "inlet_ppm": 399.99999999999994,
    "C_out_at_checkpoint_mol_m3": 2.14860485585576e-14,
    "out_ppm_at_checkpoint": 8.560519126287175e-11,
    "spec_passes": true,
    "cum_inlet_mol": 17.84601336251703,
    "cum_outlet_mol": -2.0444375474863586e-10,
    "cum_adsorbed_mol": 17.846013362721475,
    "bed_inventory_mol": 17.84601336249789,
    "mass_balance_error_pct": 1.2528651532405652e-09,
    "mass_balance_passes": true
  },
  "timestamp": "2026-05-07 20:14:13"
}