{
  "cycle_number": 0,
  "timestamp": "2026-05-08 00:01:57",
  "total_wall_time_s": 1307.0912959001726,
  "phases": [
    {
      "name": "adsorption",
      "duration_s": 14400.0,
      "wall_time_s": 660.3783399999375,
      "is_jump": false,
      "mass_in": {
        "h2o": 100.76108988664191,
        "co2": 14.276810690013622
      },
      "mass_out": {
        "h2o": 0.00022971077144761927,
        "co2": -2.191978252639806e-11
      },
      "inventory_start": {
        "h2o": 0.0,
        "co2": 0.0
      },
      "inventory_end": {
        "h2o": 100.76086022716923,
        "co2": 14.276810689976724
      },
      "mass_residual": {
        "h2o": -5.129876967657765e-08,
        "co2": 5.881872766622109e-11
      },
      "mass_closure_pct": {
        "h2o": 5.0911289004803055e-08,
        "co2": 4.1198786580089456e-10
      },
      "mass_passes": {
        "h2o": true,
        "co2": true
      },
      "mass_degenerate": {
        "h2o": false,
        "co2": false
      },
      "enthalpy_in_J": 0.0,
      "enthalpy_out_J": 6337106.577486914,
      "adsorption_heat_J": 5884774.4306423925,
      "wall_loss_J": -539218.3219519403,
      "bed_thermal_change_J": 108222.75471060169,
      "energy_residual_legacy_J": -21336.579603182545,
      "energy_closure_pct_legacy": 0.3366927688889197,
      "energy_passes_legacy": true,
      "adv_volumetric_J": -6315585.072230945,
      "energy_residual_model_J": 184.92565278576512,
      "energy_closure_pct_model": 0.0029280842656821526,
      "energy_passes_model": true,
      "stiffness_start": 123480065.29327191,
      "stiffness_end": 115063031.31946926,
      "success": true,
      "message": "ok",
      "chunk_walls_s": [],
      "chunk_stiffness_ratios": [],
      "chunk_s": 0.0
    },
    {
      "name": "depressurize",
      "duration_s": 600.0,
      "wall_time_s": 2.889998722821474e-05,
      "is_jump": true,
      "mass_in": {
        "h2o": 0.0,
        "co2": 0.0
      },
      "mass_out": {
        "h2o": 0.009363211401133883,
        "co2": 0.0017116893154233142
      },
      "inventory_start": {
        "h2o": 100.76086022716923,
        "co2": 14.276810689976724
      },
      "inventory_end": {
        "h2o": 100.7514970157681,
        "co2": 14.2750990006613
      },
      "mass_residual": {
        "h2o": 3.1676050671336498e-15,
        "co2": 1.2218958483911635e-15
      },
      "mass_closure_pct": {
        "h2o": 3.3830327346331e-11,
        "co2": 7.1385375685897e-11
      },
      "mass_passes": {
        "h2o": true,
        "co2": true
      },
      "mass_degenerate": {
        "h2o": false,
        "co2": false
      },
      "enthalpy_in_J": 0.0,
      "enthalpy_out_J": 0.0,
      "adsorption_heat_J": 0.0,
      "wall_loss_J": 0.0,
      "bed_thermal_change_J": 0.0,
      "energy_residual_legacy_J": 0.0,
      "energy_closure_pct_legacy": 0.0,
      "energy_passes_legacy": true,
      "adv_volumetric_J": 0.0,
      "energy_residual_model_J": 0.0,
      "energy_closure_pct_model": 0.0,
      "energy_passes_model": true,
      "stiffness_start": NaN,
      "stiffness_end": NaN,
      "success": true,
      "message": "instantaneous jump",
      "chunk_walls_s": [],
      "chunk_stiffness_ratios": [],
      "chunk_s": 0.0
    },
    {
      "name": "heating",
      "duration_s": 7200.0,
      "wall_time_s": 367.52791950001847,
      "is_jump": false,
      "mass_in": {
        "h2o": 0.0,
        "co2": 0.0
      },
      "mass_out": {
        "h2o": 100.70073507718533,
        "co2": 14.269306725691802
      },
      "inventory_start": {
        "h2o": 100.7514970157681,
        "co2": 14.2750990006613
      },
      "inventory_end": {
        "h2o": 3.6996e-320,
        "co2": 3.0564710130210003e-124
      },
      "mass_residual": {
        "h2o": 0.050761938582766675,
        "co2": 0.005792274969497413
      },
      "mass_closure_pct": {
        "h2o": 0.05038330951531389,
        "co2": 0.040576075649136185
      },
      "mass_passes": {
        "h2o": true,
        "co2": true
      },
      "mass_degenerate": {
        "h2o": false,
        "co2": false
      },
      "enthalpy_in_J": 28826958.059092913,
      "enthalpy_out_J": 14341831.629778497,
      "adsorption_heat_J": -5884774.4306423925,
      "wall_loss_J": 6311027.101704387,
      "bed_thermal_change_J": 5619842.909406344,
      "energy_residual_legacy_J": -3330518.012438708,
      "energy_closure_pct_legacy": 11.553484088093574,
      "energy_passes_legacy": true,
      "adv_volumetric_J": 17823020.700523634,
      "energy_residual_model_J": 7376.258770509623,
      "energy_closure_pct_model": 0.04138613142211584,
      "energy_passes_model": true,
      "stiffness_start": 60456761.86213593,
      "stiffness_end": 13471.057325216152,
      "success": true,
      "message": "ok",